{"cameraMode":{"drawMode":0,"name":"Shaded","section":"Shading Mode"},"sceneLighting":false,"audioPlay":false,"sceneViewState":{"showFog":true,"showMaterialUpdate":false,"showSkybox":true,"showFlares":true,"showImageEffects":true,"showParticleSystems":true},"in2DMode":false,"pivot":{"x":-13.706597328186036,"y":1.774458646774292,"z":21.515295028686525},"rotation":{"x":-0.10787543654441834,"y":-0.888370156288147,"z":0.2693019211292267,"w":-0.3558620810508728},"size":-3.1156539916992189,"orthographic":false}