{"cameraMode":{"drawMode":0,"name":"Shaded","section":"Shading Mode"},"sceneLighting":false,"audioPlay":false,"sceneViewState":{"showFog":true,"showMaterialUpdate":false,"showSkybox":true,"showFlares":true,"showImageEffects":true,"showParticleSystems":true},"in2DMode":false,"pivot":{"x":-12.950550079345704,"y":-1.745841383934021,"z":0.9159345626831055},"rotation":{"x":0.0032841090578585865,"y":-0.9878645539283752,"z":0.021080266684293748,"w":0.15384601056575776},"size":19.690181732177736,"orthographic":false}