{"cameraMode":{"drawMode":0,"name":"Shaded","section":"Shading Mode"},"sceneLighting":false,"audioPlay":false,"sceneViewState":{"showFog":true,"showMaterialUpdate":false,"showSkybox":true,"showFlares":true,"showImageEffects":true,"showParticleSystems":true},"in2DMode":false,"pivot":{"x":500.0873107910156,"y":1.1852015256881714,"z":500.4476013183594},"rotation":{"x":0.09881028532981873,"y":-0.29963260889053347,"z":0.031218381598591806,"w":0.9484214186668396},"size":1.0791716575622559,"orthographic":true}